,precision,recall,f1-score,auc_roc,final_score
LogisticRegression,0.6470588235294118,0.5892857142857143,0.616822429906542,0.8452388622974963,0.6746014575047911
RandomForest,0.6363636363636364,0.525,0.5753424657534246,0.8423485824742267,0.644763671147822
SVC,0.6403162055335968,0.5785714285714286,0.6078799249530957,0.8375207106038292,0.6660720674154876
