{
    "classification_report": {
        "0": {
            "precision": 0.8530510585305106,
            "recall": 0.8827319587628866,
            "f1-score": 0.8676377454084864,
            "support": 776.0
        },
        "1": {
            "precision": 0.6403162055335968,
            "recall": 0.5785714285714286,
            "f1-score": 0.6078799249530957,
            "support": 280.0
        },
        "accuracy": 0.8020833333333334,
        "macro avg": {
            "precision": 0.7466836320320537,
            "recall": 0.7306516936671577,
            "f1-score": 0.7377588351807911,
            "support": 1056.0
        },
        "weighted avg": {
            "precision": 0.7966440899328441,
            "recall": 0.8020833333333334,
            "f1-score": 0.7987625657422844,
            "support": 1056.0
        }
    },
    "auc_roc": 0.8375207106038292
}