{
    "classification_report": {
        "0": {
            "precision": 0.8387878787878787,
            "recall": 0.8917525773195877,
            "f1-score": 0.8644597126795752,
            "support": 776.0
        },
        "1": {
            "precision": 0.6363636363636364,
            "recall": 0.525,
            "f1-score": 0.5753424657534246,
            "support": 280.0
        },
        "accuracy": 0.7945075757575758,
        "macro avg": {
            "precision": 0.7375757575757576,
            "recall": 0.7083762886597939,
            "f1-score": 0.7199010892164999,
            "support": 1056.0
        },
        "weighted avg": {
            "precision": 0.7851147842056933,
            "recall": 0.7945075757575758,
            "f1-score": 0.7877998366006715,
            "support": 1056.0
        }
    },
    "auc_roc": 0.8423485824742267
}