{
    "classification_report": {
        "0": {
            "precision": 0.8564294631710362,
            "recall": 0.884020618556701,
            "f1-score": 0.87000634115409,
            "support": 776.0
        },
        "1": {
            "precision": 0.6470588235294118,
            "recall": 0.5892857142857143,
            "f1-score": 0.616822429906542,
            "support": 280.0
        },
        "accuracy": 0.8058712121212122,
        "macro avg": {
            "precision": 0.751744143350224,
            "recall": 0.7366531664212077,
            "f1-score": 0.743414385530316,
            "support": 1056.0
        },
        "weighted avg": {
            "precision": 0.8009145208418177,
            "recall": 0.8058712121212122,
            "f1-score": 0.802874243474816,
            "support": 1056.0
        }
    },
    "auc_roc": 0.8452388622974963
}