,SeniorCitizen,tenure,MonthlyCharges
count,7043.0,7043.0,7043.0
mean,0.1621468124378816,32.37114865824223,64.76169246059918
std,0.36861160561002687,24.55948102309423,30.09004709767854
min,0.0,0.0,18.25
25%,0.0,9.0,35.5
50%,0.0,29.0,70.35
75%,0.0,55.0,89.85
max,1.0,72.0,118.75
